epoch,time,train/box_loss,train/cls_loss,train/dfl_loss,metrics/precision(B),metrics/recall(B),metrics/mAP50(B),metrics/mAP50-95(B),val/box_loss,val/cls_loss,val/dfl_loss,lr/pg0,lr/pg1,lr/pg2
1,1400.22,1.14415,3.33188,1.44415,0.53333,0.08914,0.08202,0.05749,1.25237,2.35087,1.32771,7.22829e-05,7.22829e-05,7.22829e-05
2,4961.8,1.06595,2.19081,1.37997,0.55917,0.06187,0.06464,0.04533,1.24715,1.95721,1.28127,0.000130299,0.000130299,0.000130299
